"","A","B","C"
"1",0.307422267167316,0.264425659952396,0.0689895127895556
"2",0.365334897060742,0.304494610796326,-0.025957652717723
"3",0.743405077529762,0.0664112881625791,0.0106771161636114
"4",0.310044498591997,0.268383121925857,0.101525001720798
"5",0.211263467680782,0.277549399972914,0.0910411971460584
"6",0.0894308960613477,0.422928597387136,0.0349524897149667
"7",0.248321368560789,0.310171863676153,0.0755131081607681
"8",0.161682474649746,0.31832148043182,0.0976236716949027
"9",-0.134108949626647,0.176833540323555,0.285937227115318
"10",0.388156510379118,0.0424002259597882,0.201268874496896
"11",0.648264832456708,0.217059689700608,-0.0118188328509348
"12",0.568048799998784,0.132259881384674,0.0277854949612321
"13",0.277382122619285,0.0656334501225175,0.192496769260919
"14",0.579967892569505,-0.0440861757610747,0.199525384530865
"15",0.606269793775792,0.126079560235011,-0.0194386246199433
"16",0.380951865326565,0.0967328657877053,0.0938672032045199
"17",0.431171156322148,0.0962617829227519,0.119269735943793
"18",-0.358229291279611,0.497066948997867,0.177277850022197
"19",0.497016450671346,0.0742853652235252,0.127297862681988
"20",0.405367961358592,0.249455143300756,0.0164816951379797
"21",0.178327580210569,0.199236024140234,0.226328069768918
"22",-0.169648613979974,0.169426334143229,0.331971587329676
"23",0.285604427580511,-0.0750920242284215,0.295681424286173
"24",0.665864475727352,-0.243149986026485,0.211563482988023
"25",0.179141678277877,0.240412433033699,0.0824643655625367
"26",0.101978092618552,0.455033131241461,0.0175606107681748
"27",0.452359672617716,-0.0200725550350787,0.166443378583949
"28",0.119531237290074,0.164773267590038,0.209047481669717
"29",0.693713085729009,0.158226541851473,-0.0815773891131862
"30",0.10126823063052,0.149620053017299,0.1601235558718
"31",0.266193207820473,0.41608068858251,-0.00534428988454114
"32",0.280536829195699,0.157584508504837,0.0836611527258675
"33",0.220351317522653,0.0629097692512636,0.232226031959487
"34",0.279091452652251,-0.102959542192264,0.228901576571913
"35",0.362800606952314,0.359716850370675,0.0515273532712883
"36",0.455283567556516,-0.129125249022542,0.212986425112755
"37",0.183183280555679,0.140979760443893,0.100474322076773
"38",0.0899333931836704,0.0715145419027625,0.292486796541743
"39",0.147546227176314,-0.0280592294187459,0.337927294722711
"40",0.563799687988168,0.0462170549617342,0.0993934248509875
"41",0.297902294759684,0.338833496507545,-0.018930820566022
"42",-0.105398172229467,-0.0362861728495641,0.426345154565516
"43",0.341850466072356,0.0408180795900853,0.238543603068944
"44",0.144474655476671,0.453623238153757,0.0411886275750345
"45",-0.0321984897300793,0.314343879077034,0.235985027229868
"46",0.496148960465982,0.303971175889668,0.0385764680401263
"47",0.6930555529983,0.114837315671028,0.0177979143412743
"48",0.214412681929272,0.111190800513406,0.188610884318231
"49",0.449680584426166,-0.0585011972751342,0.136123610785284
"50",0.290313604263996,-0.0474130877396984,0.232206042294825
"51",0.386963724359871,0.0518908575401143,0.0805177505995998
"52",0.367345799667817,0.228949636916256,0.0572359346677627
"53",-0.0208676507412821,0.093957907677209,0.277848007954871
"54",-0.0892721534753138,0.485979317094535,0.0987203716934088
"55",0.139274703378383,0.55228058098184,-0.0493181757886133
"56",0.359711972110497,0.217218733867581,0.043013221910117
"57",0.213538691732344,0.295705087375125,0.17379679930935
"58",0.335255181625615,-7.50084229794723e-05,0.211655453047503
"59",0.38941989670149,0.248066864760844,0.052771711534953
"60",0.426873744767172,0.0681268659630481,0.114022813231204
"61",0.203465274963412,0.296945827607509,0.102809240782104
"62",0.0160112049327535,0.0774494456303295,0.268316544266725
"63",-0.194794650241595,0.421201345325936,0.0987276463274082
"64",0.56848798551483,0.139668391720516,0.0593677763822345
"65",0.473969720311272,0.223498738142337,-0.0192302504733448
"66",0.196430390162415,0.389486426930267,0.0250651728973545
"67",-0.167675830192416,0.100032010720087,0.382077303136763
"68",0.363816655845756,0.232359715786042,0.0278490841751737
"69",-0.193591410082854,0.302782102709021,0.273455510889377
"70",-0.131426465242225,0.149047985431636,0.223558938783216
"71",0.352907731154503,0.0289722708276333,0.160364507507968
"72",0.230090233560787,0.0799257865053043,0.219619004189885
"73",0.340252430373348,0.372108013680651,0.0116224901504045
"74",0.472693230115082,0.397997570249303,-0.0549418376783033
"75",0.215987015427699,-0.0231721776078569,0.279465985476355
"76",0.475481543983963,0.317107040090224,-0.0300866043077739
"77",0.12245751023081,0.458524917403647,0.00507646748442546
"78",0.156625516864407,0.3770108964046,0.0951944681243846
"79",0.445121426560373,0.144279282688356,0.10974894038202
"80",0.162683366885411,0.266204173682516,0.0731497803869274
"81",0.222474166780209,0.470866540707295,-0.0885593410377487
"82",0.527585297321012,-0.0480646368066124,0.149580654246942
"83",0.317298044303785,0.275595400836629,0.109574388449962
"84",0.771610277309188,-0.0945400694502709,0.087246372450408
"85",0.360958077539271,0.260226265030153,-0.00896967772233508
"86",0.180536202869918,0.230094793222177,0.197632865338188
"87",0.262781662759884,0.165961589244434,0.116761316958489
"88",0.211662302469124,0.39043670138684,0.101562802332657
"89",0.0767160210315327,0.18893189778043,0.231292945926896
"90",0.0989336475390275,0.195102912796203,0.237890968101905
"91",0.588604148065255,0.150440395282559,0.0168385845571762
"92",0.276437498842313,0.37008550323984,0.0413784969975785
"93",0.369936405807951,0.416273901790937,-0.024474382271781
"94",0.115848206715136,0.514778553111082,-0.0493486235938206
"95",0.468836601732283,-0.138470132886883,0.193673176513748
"96",0.243560753790873,0.435732700529189,-0.00639413864641961
"97",0.194769971798781,0.118278896903535,0.218044391596152
"98",0.391553756775443,0.455344267986497,-0.0467889797910204
"99",0.61577981012639,-0.0524051745864736,0.161347140308124
"100",0.475619349227227,0.110293502628121,0.103131857874763
"101",0.157518180870468,0.249699387571576,0.144336267006928
"102",0.437156598695729,0.0725987744026317,0.101871356805633
"103",0.566125942010906,0.00272555770004548,0.104856102703167
"104",0.780187400594014,0.0174793114264754,0.040905354826233
"105",0.459977422064969,0.198688661341436,0.060224073571977
"106",0.526556027627404,-0.0124531593548357,0.151439403870662
"107",0.0900146741882741,0.16330216234418,0.196955169371559
"108",0.145391514320351,0.203288443547379,0.189493339453825
"109",0.318588479546553,0.0233517508514451,0.208452947297479
"110",0.408550557783482,0.196219184945974,0.104129917613586
"111",0.255666550391908,0.42211447437521,0.00289039474241652
"112",0.378403884115659,0.0686572728854068,0.173156525489863
"113",0.148785018684114,0.389439703001435,-0.0415452932177082
"114",0.467385504549143,0.143112609787179,0.0764466603748545
"115",-0.020566731838922,0.489769314718366,0.0785056037141849
"116",0.10868457873577,0.37471956322979,0.132518508541003
"117",0.425925527213512,0.373747191524498,0.0307006240624073
"118",0.153198079947725,0.3370948492658,0.0394259633602391
"119",0.70622994857548,0.110745654850861,-0.0432193999167438
"120",0.418702064374678,0.0137235311814159,0.168980246273445
"121",0.162976576754298,0.309997647513991,0.109242640464161
"122",-0.0187244041977436,0.218354787259024,0.256953083510043
"123",0.0929225133010849,0.0784967002261935,0.259801070976927
"124",0.290137499786223,0.234919837587924,0.0768487537565254
"125",0.347354785842127,0.0608429755838515,0.157312197372403
"126",0.22720345199288,0.214475913354496,0.164618532139388
"127",0.557353003354387,0.182145993203932,-0.00773343889789374
"128",0.683801867613635,0.179862804737044,0.0024706916546879
"129",-0.00179871439495338,0.283287952883835,0.18421944055136
"130",0.302503680205508,0.139629510826828,0.118242856372187
"131",0.423547275204334,0.0817718926281137,0.117302329793055
"132",0.46229935841344,0.0582695267567531,0.131381661190788
"133",0.301853228434353,-0.00789541170175345,0.238678276164819
"134",0.419742472951875,0.201005896419872,0.082769553786348
"135",0.205884450208977,0.0277670267598811,0.22255835975202
"136",0.240920827018003,0.222952268640772,0.124672972122625
"137",0.56120091016991,0.330845500891679,-0.0989910041584649
"138",0.135219239950629,0.0307438897099038,0.310144046503929
"139",0.397033079673679,0.137679034582334,0.142957259176082
"140",0.1274236873069,0.468869846949452,0.0240406208352628
"141",0.208009134816157,0.207559498527732,0.120208925567621
"142",0.276923287678115,0.35476678779039,0.0335933085787337
"143",0.397215323875767,0.245001344253135,0.0248357626337155
"144",0.265965590245682,0.146635499899288,0.140965277971243
"145",0.3872162770314,0.17595175876496,0.0569087766734747
"146",0.493739519011433,0.441650876892673,-0.122054929413915
"147",0.362351852561347,0.152231139905432,0.066234134713176
"148",0.347894687174687,0.0594072279780979,0.204899429032338
"149",0.332507324620638,0.195610046552264,0.0542317689355172
"150",0.346912598035087,0.489008420665088,-0.0381047566395777
"151",0.425324678134381,-0.143183641594453,0.218517655274335
"152",0.117015151885594,0.469205811631697,-0.0207795343120611
"153",0.54070990318462,0.0373470089016287,0.157514007871705
"154",0.253505066803365,0.365329018410089,0.0376203189974869
"155",0.422879214834427,0.24629876754935,-0.0614027596164439
"156",0.281313489500589,0.433197386270913,0.0212780830677901
"157",0.242280087507183,0.106618071725982,0.131626610780966
"158",0.0403101217973071,0.0214615184320565,0.269313232700259
"159",0.0149283151017156,0.0486624880356958,0.243138265008946
"160",0.182148446984696,0.0754766727885575,0.202986790288381
"161",0.443831811159301,0.281502669414487,0.0510643932916166
"162",0.26134323949749,0.257658765034124,0.150936511000964
"163",0.2514381052851,0.238780402420343,0.100850473428228
"164",0.181502309669134,0.535578625277399,-0.0435659443122328
"165",-0.142701465251981,0.296179918667602,0.222889795380503
"166",0.689262595744595,0.121419648554319,-0.0691670086629638
"167",0.0964150877222737,0.192293052019665,0.137704609826912
"168",0.484931092185814,0.124503827987392,0.0520739764703804
"169",0.279643315154604,0.504541128797145,-0.0488488017336324
"170",0.364779141158338,0.120712247803444,0.0845148654908021
"171",-0.0654881014331231,0.303046386204497,0.15717436445211
"172",0.449155310105674,0.266085495743871,0.0265084546980296
"173",0.190970860541282,0.310947298551257,0.098600508707548
"174",0.176656070070608,0.165776876187415,0.162251480293942
"175",0.350953512382514,0.32685626746599,-0.0258891935583078
"176",0.215044154643119,0.204387104543832,0.149746832860175
"177",0.119598958044831,0.497381567750588,0.0662279150883475
"178",0.656333680061939,-0.234475298481582,0.224645026231145
"179",0.164766863536697,0.352460729794185,0.0372362543816127
"180",0.37431552507543,0.288238937980588,0.0165907408585548
"181",0.439491217087204,0.0818258584477669,0.0820952721663489
"182",0.159020092054749,0.343691297946135,0.0314089488393794
"183",0.322748112592701,0.146564522297002,0.093265732024482
"184",0.361547822584655,0.0757106172505987,0.132904475776148
"185",0.199186299339799,0.376926629820233,0.081273784821297
"186",-0.089928123452866,0.631906019909056,0.017646438413715
"187",0.293598309071602,0.110012856433982,0.114538759795792
"188",0.270989622079869,-0.0141785083091139,0.227726978902909
"189",0.0683616417604726,0.316616476143746,0.0867945293235465
"190",0.404640560057693,0.197107666447898,0.0935729742056232
"191",0.101150352259171,0.0598399553176961,0.265611559082636
"192",0.398807871437387,0.313412962899233,-0.0237568306106443
"193",0.609585671676903,-0.0552280141614456,0.158588524617416
"194",0.426016537238942,0.446683174336743,-0.0589970301999646
"195",0.338084880597886,-0.0249854550412298,0.223224757750076
"196",0.0876703227441703,0.19635632430814,0.271028813734295
"197",0.478229631239169,0.132819403513961,0.0791066345297194
"198",-0.0396831269955415,0.109278223478081,0.233994360299008
"199",0.596891142947131,0.338041743364785,-0.177959285175309
"200",0.478481140326367,-0.0741497198438407,0.272046537036197
"201",0.231482712564449,0.0770607589684105,0.143910997309376
"202",0.342926167532145,0.52436210361477,-0.156391969441564
"203",0.528361440036839,0.262128860963436,-0.0137074741643763
"204",0.0317429889376977,0.0782981996699134,0.225631610881211
"205",0.182733675059749,-0.04971267599803,0.228353502117893
"206",0.140421613930434,0.375316966107112,0.104301533474054
"207",0.258621608401842,0.339880425017884,0.0494653085752396
"208",0.281483545256149,0.0818979617698019,0.174440305269387
"209",0.0033595444789779,0.189787546793694,0.186512701247934
"210",-0.0134889761222541,0.200354015851409,0.224950974674599
"211",0.292018713987186,0.372203531700389,0.0202082675903233
"212",0.330397235792743,0.259971166225225,-0.00791086250535457
"213",0.529585511471128,0.0333653945640483,0.155415069107514
"214",0.396174443938319,0.290561862513138,-0.00538078989011345
"215",0.124550599357419,0.394093879776923,0.0815122909463141
"216",0.816307791737309,0.100064376985587,-0.0177426435684944
"217",0.314631411548488,-0.0364709439141654,0.214751902403123
"218",0.345445359084593,-0.0167595984439214,0.111253543245803
"219",0.262226398304752,0.0481528436683296,0.219862271908082
"220",0.595929768422733,0.0802341219984093,0.0570724742756985
"221",0.355310271398553,-0.147498888953283,0.221907297114971
"222",0.173599821185014,0.217666277950373,0.0955183814303474
"223",0.164790553655603,0.0625465958036665,0.210932712037215
"224",0.148237566082815,0.355962645021038,0.0480058528365851
"225",0.306783085573415,0.359665259352412,-0.0142700835360896
"226",0.373078468716974,0.201674309169338,0.0189440354001509
"227",0.729138792358877,0.151629867747077,0.0474724068798468
"228",0.730608790745791,-0.223048237507201,0.199772645619864
"229",0.343829046565892,0.0687916693368473,0.127099646774943
"230",0.367145142504485,0.223519609969213,0.0727114276272477
"231",0.613542201129796,0.0609794966945724,0.143583807889803
"232",0.21703056141219,0.359543399803111,0.0607639938551993
"233",0.37852476608427,0.153792892841694,0.0945787966135005
"234",0.143376047529148,0.45530086195517,0.0107623721455018
"235",0.491101030464913,0.0129283375505177,0.121903628628525
"236",0.151794741863744,0.366095463965026,0.0839406763100338
"237",0.514563407582286,0.213544853937723,-0.109452792528545
"238",0.0571664920531169,0.154339004781617,0.180172484981152
"239",0.0396788833493239,0.272174325894369,0.146885084174133
"240",0.0124601618703564,0.0626710118704627,0.305583809141743
"241",0.124090847725187,-0.0017007437089939,0.319992651979368
"242",0.319493402628417,0.425972028347811,-0.0268423090026379
"243",0.884950575770221,0.20174805384954,-0.113276559379344
"244",0.545863639764437,0.0138662650531044,0.0430250462866837
"245",0.18669493332909,0.273458575091579,0.0910682838898712
"246",-0.139031810290923,0.511191629958284,0.0578341244998148
"247",0.29902520219681,0.315430405289473,-0.00742390517274626
"248",0.199330356309069,0.319590571595397,0.0753802301700413
"249",0.301879991550332,0.168598595696368,0.115690314841237
"250",0.117915003934763,0.208755259238279,0.187666479958113
"251",0.483666959802494,0.0406246030821694,0.0771740302781656
"252",0.170923042995444,0.199716692228017,0.137505963394275
"253",0.462324057757131,0.154635856234251,0.0921775626696113
"254",0.464087835045389,0.0886401920976467,0.0672106083166277
"255",-0.0130727940502587,0.287449961461648,0.198658979196694
"256",0.350370027834068,-0.226009217166859,0.307375836212083
"257",0.864421794215919,0.21647230737921,-0.12684534557806
"258",0.256568501890704,0.370828402951347,0.0631623387783954
"259",0.301819819364456,-0.0344563464178488,0.189061090534935
"260",0.157764187000628,0.469893275721499,-0.000644931651616956
"261",0.283998293488074,-0.0189585744442465,0.217019461170359
"262",0.577727239742875,0.0848292744970197,0.0891582902236151
"263",0.249256882244198,0.0346011283017003,0.207003433994298
"264",0.27046972643296,-0.115301699572461,0.326856837448074
"265",0.294572779276685,0.143456089771542,0.178528203704402
"266",0.268454907845072,0.3067534495706,0.0441587515828342
"267",0.162917039570237,0.171999511967498,0.180675869374455
"268",0.414281677233928,-0.0510576766673167,0.229536753932065
"269",0.251767692219807,0.398649845149462,-0.0105249952857594
"270",0.628190887529137,0.0495333007115948,0.0347073619833711
"271",-0.0222666635314991,0.277288547204212,0.161369832627285
"272",0.0758806326461283,0.194808526534943,0.246771378739378
"273",-0.162829244796981,0.234090895599909,0.287604334970738
"274",0.500195638101626,0.242067552544521,0.0148910066290036
"275",0.322397234535608,0.228027025565144,0.0503571828690908
"276",0.739007145964169,0.124874290310008,-0.0184976082354024
"277",0.0415487017212245,0.221962101830265,0.153799615948081
"278",0.51692940802122,0.257757236548566,-0.0254406568678046
"279",0.392152117736921,0.394476826638472,0.0466689452681053
"280",0.587869903815714,0.302771702225928,-0.0555957797702526
"281",0.179770210101409,0.393095394768859,0.057769831873065
"282",0.108686007685417,0.278132534286402,0.0741010466062913
"283",0.255803437025115,-0.0742274728654935,0.271749435467875
"284",0.648630162549346,0.053739682832173,0.0792400828825112
"285",0.325200852107787,0.119347712813549,0.121975642680838
"286",0.26182571184443,0.20745622537331,0.0481671048362507
"287",0.153602256640625,0.242761577448232,0.134281855781836
"288",0.575838144121224,0.241250707633878,-0.0243132027500242
"289",0.249418999222625,-0.143519018589284,0.288456834338661
"290",0.445517414099186,0.175866986363451,0.022840442352251
"291",0.268995227216443,0.0872555789360036,0.152307606511988
"292",0.0679425448843363,0.0822296925820594,0.316940454220282
"293",0.343492790605758,0.329029974121308,0.0235685663269562
"294",0.288359729470018,0.179194227959139,0.0814021610244861
"295",0.423098147756607,0.329375620606683,0.0279971340763335
"296",0.165952091386572,0.252345419255734,0.176597808023359
"297",0.555662872282791,0.276745025739723,0.0182733698573783
"298",0.438462649677786,0.0711021604058444,0.154028434991306
"299",0.513843615069641,0.199711338070256,0.0293135636109198
"300",0.17048554383233,0.134531566646507,0.180373736888515
"301",0.518523157889066,0.387811250439285,-0.0971669467882229
"302",0.244492900232781,0.123535003650466,0.171965739827448
"303",0.156812939516292,0.311441970816134,0.183566541404157
"304",0.196943099471077,0.15757056557761,0.152617233850657
"305",0.28973230782256,0.0670839148661967,0.144931793038711
"306",0.438962964181515,0.0695085265245331,0.0557160593976332
"307",0.62368783196895,-0.0302413301380413,0.0712799748074079
"308",0.507811346678918,0.181806751416415,0.0210459280771517
"309",0.318684019009635,0.313805277211142,-0.00664267773424884
"310",0.0335674604436899,0.284490822994556,0.148663771833648
"311",0.187705821564571,0.147281662551057,0.162067809619933
"312",0.374493280674813,0.208606719364484,0.00286388970339295
"313",0.632615901556264,-0.0199291459230529,0.0568780720670368
"314",0.350341443164493,0.285582883278654,0.0849694833735055
"315",0.195554441572765,0.154481828965189,0.155578577925163
"316",0.131683900189007,0.144486802014184,0.177104351878144
"317",0.0773909254457846,0.268845681171531,0.192406287042459
"318",0.40476501052878,0.182070673905755,-0.0106040087871436
"319",0.521534654072863,0.0389790226423894,0.11206208595268
"320",0.205950174454441,0.264409235334431,0.102582250905533
"321",-0.140100794623821,0.313068303525215,0.209440093053357
"322",0.269399942852589,-0.0264074420905442,0.224033699991266
"323",0.858138344009585,0.119826331010358,-0.00909092224788915
"324",0.350508387585866,0.445286861939955,-0.145572940083157
"325",0.254515047045403,0.115963249672193,0.186983148641594
"326",-0.22326010232349,0.458227739528565,0.198813758609405
"327",0.198521965783531,0.120384517358015,0.210890694785834
"328",0.121215292499987,0.210753488040387,0.166381979904344
"329",0.271917465292386,0.38996742989547,-0.0377463141989364
"330",0.319115960176973,0.0550018112102731,0.192392919911134
"331",0.0972544321405535,0.180031523926909,0.225167656494193
"332",0.744970100571312,0.222190113363371,-0.0519959297156926
"333",0.434635417066645,0.177402036188437,0.0843733011927106
"334",0.253104822329342,-0.0941534908682563,0.24747541555711
"335",0.256788294682384,0.103303728114044,0.209394762442772
"336",0.231931117850196,0.030268262434712,0.230051774725359
"337",0.345957324851089,0.0307425264345802,0.191152821270584
"338",0.409337076303167,0.219766517347813,0.0373546391636726
"339",0.221860128730207,0.256269381063995,0.143428123629292
"340",0.332019819102759,0.537485318849776,-0.138107369282826
"341",0.355991689225619,0.110943813789014,0.148638181739103
"342",0.463524207954659,0.184393370360864,0.0375690090632976
"343",0.209686194699355,0.352238253919668,0.0192486643836606
"344",0.350545040932546,0.405080459601587,0.00628274238361215
"345",0.557394789292719,0.483722819587797,-0.172993050124134
"346",0.184500469790407,0.0881860265920224,0.196846404984482
"347",0.318828487665212,0.0286144655034894,0.263252386297478
"348",0.282158973665674,0.0478130174530547,0.155639448431658
"349",0.151793411985409,0.350582843552088,0.101325053477772
"350",0.334699222305014,0.166671794763319,0.136415650957449
"351",0.342509813677418,0.114564608579581,0.0951865040139257
"352",0.299200453445246,0.26303973848615,0.0597401052657046
"353",0.723065339475329,0.231350599669179,-0.0426898704037013
"354",0.498117540972895,0.145319637708753,0.0840077684599363
"355",0.125548603833359,0.417985389030518,0.0182941045166444
"356",-0.132546493256584,0.478518039335539,0.116575421665017
"357",0.271957131554653,0.123024093389234,0.125216698532175
"358",0.388637773665341,0.0678788771838957,0.135837675810853
"359",0.501020814219033,0.156555788944623,0.0527865160819127
"360",0.43853361214575,0.316066417077358,-0.0568321749038179
"361",0.379416738958052,-0.127095418178207,0.24383928106335
"362",0.366220557076998,0.164690579571922,0.0681300536298151
"363",0.477176259033554,-0.0335246840747388,0.222884824971468
"364",-0.0972291377915366,0.313636388967938,0.184724093878041
"365",0.730589627171057,0.0941974450670688,-0.0149571388118798
"366",0.225517452957433,0.0268967600603026,0.174110725779448
"367",0.403817074283455,0.0465306747962971,0.104639164757204
"368",-0.144380781875662,0.442760084308323,0.230082288379783
"369",0.10009963170556,0.216847213260796,0.18305406109313
"370",0.394050453617571,0.0336328043242739,0.150010451524907
"371",0.116824148151956,0.276982421870189,0.0728696523209905
"372",0.157621184017955,0.221789263062449,0.149990899137488
"373",0.133428543575248,0.100922522396449,0.178251874791539
"374",0.209148255349691,0.230435754718964,0.151313967560678
"375",-0.014266696486363,0.430471819656909,0.111584318313071
"376",0.295070825369681,0.0736594909257144,0.141551600607233
"377",0.542937892292745,0.26777986250113,0.0328537488716035
"378",-0.11282156853347,0.235214152297714,0.260224443664472
"379",0.210328671805,0.215596150195898,0.132427894079926
"380",0.355314701283718,0.281363555788696,0.0466747784289127
"381",0.212791199887159,0.148998704749387,0.153512580472605
"382",0.146759863093903,0.262851489096269,0.135891320200687
"383",0.456705767586112,0.170972611430807,0.0556239525051869
"384",0.344748578136594,0.482846978799293,-0.0920935988416056
"385",0.565841909804943,0.00685140393282577,0.109126749477484
"386",0.192927179271412,0.245817981757255,0.043614772887937
"387",0.157341565388163,0.278982968000065,0.177356895908334
"388",0.466409011546136,0.0833178754523201,0.0541599942693973
"389",0.39559330064745,0.183643108705533,0.0387233411406469
"390",0.265625414173758,0.306928573589618,0.0535885315941114
"391",0.482151544861817,0.0143354020608983,0.120654280951426
"392",0.46582486259964,0.251398783729059,0.0249619065560036
"393",0.494348366844747,0.27044799752242,-0.0291416138798738
"394",0.367239701999034,0.106487937278234,0.162708808928887
"395",0.0396766082824365,0.293374238077643,0.114572561770975
"396",0.0840926105308732,0.308608231031427,0.133968264132262
"397",0.543294466672224,0.102440563545445,0.0101151375462771
"398",0.348569123769421,0.146755385873684,0.122860609198435
"399",0.307724761452965,0.193333068582953,0.0549963483237239
"400",0.824978314013674,0.13936207922967,-0.0960841816467435
"401",0.202175700249679,-0.114480588850602,0.347348319485485
"402",0.236306454546647,0.213651471869661,0.151425329588536
"403",0.072119263932513,0.425266972161069,0.0994531151586193
"404",0.584341005771036,0.154914959885182,0.0291381898604541
"405",0.275801565626365,0.292642538814515,0.00534151166094377
"406",0.147002095803396,0.00592693069400962,0.300041125333548
"407",0.407098848092981,-0.00579383118880406,0.27445168165353
"408",0.496752194341399,0.278628622323569,-0.00866232262305337
"409",0.695690754517894,0.093718903268542,0.0441045866927265
"410",0.28020507464875,0.403271676549384,-0.0236362474424903
"411",0.231585275380632,0.203326619443729,0.102459484893474
"412",0.488496818776447,0.02173640717982,0.150658442367107
"413",-0.0219403739270936,0.324040968613809,0.189112538071395
"414",0.310957278283186,-0.104568117745702,0.267951522234721
"415",0.595148382762189,0.28710552169378,-0.017788833522911
"416",0.206714472270065,0.262090798491492,0.0498488434002538
"417",0.163402374374748,0.258395493112712,0.105885640231312
"418",0.282921355083156,0.365799057250676,-0.0121152751608288
"419",0.442416875605952,0.149886745239861,0.0821614098722369
"420",0.419391150877076,0.448708116432381,-0.0567484004706004
"421",0.330844055463296,0.276463012500077,0.0711735901384626
"422",0.496098376759793,0.234413844985302,0.0365982201371817
"423",0.193775418702883,-0.00654875521878376,0.235881259385318
"424",0.2106256547112,0.341204691472931,0.00454921958499405
"425",0.523841437516681,0.0240711771559537,0.144605409785585
"426",0.517419482085303,0.0875261118282082,0.081097002636244
"427",0.263927862958277,0.303631325787877,-0.0107067636024658
"428",0.0139557223482753,0.183506266155769,0.125440429620512
"429",0.333957708336856,0.1596953416624,0.184926129979863
"430",0.104015424599344,-0.0939509712612345,0.307896403880421
"431",-0.0656300790971462,0.293447942140519,0.129920976522205
"432",0.0174305115309101,0.110412251564062,0.211017536893949
"433",0.465959737344728,0.159785317972109,0.076250704288717
"434",0.101254795280655,0.102374433103314,0.183917606814261
"435",0.375267460592904,0.170484738913478,0.0809050426133605
"436",0.413936107314311,0.254934022439246,0.0599910008068633
"437",0.592665162607985,0.221645359955194,-0.0842803440610541
"438",0.363560073344286,0.046795015812691,0.150070022514553
"439",0.394556543009292,0.0644582530801914,0.122924925428953
"440",0.164557429454916,0.227905574346286,0.108879410074801
"441",0.114301300416995,0.402968944689927,0.0724084738102478
"442",0.501722691363011,0.0398977932524163,0.109289960096479
"443",-0.0154805268744257,0.325985163807409,0.173149527297801
"444",0.0134248920201092,0.343397845796449,0.0796752886313012
"445",0.438186998622959,0.22056634645221,-0.0304770135612601
"446",0.56598729188416,0.0339158523072298,0.0910012173166543
"447",0.0476980958279201,0.117887175535293,0.224810463883409
"448",0.454614802752686,0.249813116553787,0.0651782592927729
"449",0.295090034583147,0.456826463437037,-0.0838936644677025
"450",0.536270630315661,0.0426391008219411,0.0730333448668424
"451",0.38298542574484,0.207303708244436,0.114547574956947
"452",0.469281747369138,0.226929585967813,0.0577147071478973
"453",0.0355048783161903,0.138147217947801,0.151652586450686
"454",0.232275796700843,0.359334357479353,0.0653064053424499
"455",0.290752111985784,0.21326468301265,0.106006197338048
"456",0.144106342390415,0.359053476385498,0.0991388866326171
"457",0.682072270107633,0.143128862114015,-0.00899027329684869
"458",0.014229981981102,0.351689205112732,0.170917012830542
"459",0.34657594737561,0.208968291006767,0.0781388350354419
"460",0.00557199314546625,0.066282143578389,0.329430471965997
"461",0.167587319092227,0.0543231624806655,0.230050043030695
"462",-0.0973404285406411,0.251537566187098,0.258143132590382
"463",0.267401669224711,0.272677721923214,0.0461798768795593
"464",0.0279076304201468,-0.0515679205402049,0.347919262984865
"465",0.278863358143501,0.27547613471288,0.0381090279960643
"466",0.602335624054963,0.461943395333206,-0.127786422397439
"467",0.0845720692320514,0.178598241131361,0.217775387315667
"468",0.350501465389421,0.0847515265941712,0.130486658660278
"469",0.328678948651374,0.156651907944065,0.144455766259232
"470",0.482609818698389,0.253058242743175,-0.0218836288559743
"471",0.319344143609218,0.277148844112544,0.0917809861073831
"472",0.55777415313412,0.222380908053473,-0.0299430581787404
"473",0.0849577491341441,0.113057845848001,0.206307549758489
"474",0.392686158727192,0.303556707513612,0.00176841906608614
"475",0.0535568625664851,0.338893422059818,0.154727574408306
"476",0.588854202842009,-0.0552253183879512,0.104105907557731
"477",0.453233773882002,0.269575527825459,0.00130894938856976
"478",0.279209187510394,0.183203565528364,0.135303984724238
"479",0.359077660618114,0.114523657407542,0.115660895869569
"480",0.308800929357663,0.345287511644342,-0.0206345839663557
"481",0.545916229094289,0.0598923737227585,0.0879930224250675
"482",-0.295731859375273,0.210897589339534,0.318279151860665
"483",0.106076551196366,0.322209415506108,0.0888522035186913
"484",0.469051400959292,0.198819713527954,0.0570684861652327
"485",0.302833522274586,0.387976598033883,0.0758228956901699
"486",0.291990246880668,0.0045360598686649,0.266747198653842
"487",0.12304874622753,0.253985296767202,0.134709955116182
"488",-0.0214710077118819,0.171972631043009,0.223488161102045
"489",0.208066298000309,0.126076401289536,0.140250647354934
"490",0.327819508469581,0.197892849481626,0.0200096608655703
"491",0.0312358750772243,0.0130920912182688,0.360833081026941
"492",0.732373017431796,0.499643318131174,-0.233155348459485
"493",0.265065394161205,0.197408330540877,0.118908029223672
"494",0.227266421705713,-0.0201075902055917,0.220486437259653
"495",0.417552840117842,0.0816910325835501,0.114706198314003
"496",0.252989799378654,0.157950925443774,0.113932945999684
"497",0.69252640702966,0.224355950191205,0.0245559539908803
"498",0.342402355958632,0.217739864263146,0.061534664422499
"499",0.306796270635366,0.2753893892134,0.107943476270755
"500",0.0779628362280897,0.0564050873733417,0.26034772803259
"501",0.379199947601005,0.00607081968759093,0.171825178619141
"502",0.458110245809542,0.210938418071638,0.0398749554862418
"503",0.232356658868269,0.384954840451475,0.0373579169790777
"504",0.192851967540791,0.229551962817422,0.12564541734912
"505",0.309793568761059,0.263943644441903,0.0648015613462774
"506",-0.185629072493023,0.275426664441189,0.199194472435903
"507",0.141264858312688,0.186339919935575,0.206027308169618
"508",0.488774413426756,0.210957843869288,-0.00587979535713261
"509",-0.220058956184609,0.353961320948912,0.242466860554484
"510",0.206528358471385,0.0951376302497348,0.197977758001435
"511",0.241487066853054,0.36208328985884,-0.00107750342127588
"512",0.703389203008827,0.0553713602923746,0.0165482128749738
"513",0.282677035893844,0.233126576518692,0.0685558410958029
"514",0.254818453466261,-0.0966954536862401,0.32644378272625
"515",0.711972779582984,0.0641898771626402,-0.00785488008335833
"516",0.37716091443133,0.231042494073675,0.0900212622365637
"517",0.209480596816319,0.219664901515086,0.132513190946723
"518",0.367362076756369,0.315266051544008,-0.0215532875318945
"519",0.33931167071077,0.0232932675082955,0.217285197177218
"520",0.286101053757119,0.327006886434976,0.0638896833133707
"521",0.377292073514118,0.117202681859871,0.0821227171236827
"522",0.397098155005125,0.337886104467654,-0.0233259059221161
"523",0.281438670850367,0.34358247910442,0.0287234352442011
"524",0.416268118688053,-0.092551853111937,0.170121187600521
"525",0.277759787530376,0.163430486007622,0.11235177811972
"526",0.426410591110996,0.234950551284258,0.0290644771937138
"527",0.071732134438143,0.160212024448344,0.175578016211599
"528",0.313547084315534,0.296154340560582,0.0218702346739807
"529",0.221621250885661,0.117065341179691,0.169650742049323
"530",0.125474348513009,0.132659227814786,0.135597526276469
"531",0.124659423595796,0.0735519691230268,0.228842124469275
"532",0.646939245805161,-0.0260044465348704,0.0793808904679377
"533",0.493642737539131,0.339310304068265,-0.0948991054421602
"534",0.241960279680405,0.209783274715135,0.171396423910745
"535",0.232882065264588,0.289255776830846,0.0705400961740353
"536",0.0869722321649384,0.181216463719357,0.212834418731984
"537",0.131045872562799,0.228290487587684,0.153817497854478
"538",0.20906716341905,0.177215215415628,0.143109631826644
"539",0.400441282565708,0.280409146732288,-0.00207650534365689
"540",0.476089785522058,-0.0562187993220897,0.105896842452673
"541",0.210823656409464,0.220513647020607,0.190872786314076
"542",0.373343686750313,0.482707502550906,-0.033942878505523
"543",0.218404919117913,0.09331688279262,0.149938995207332
"544",-0.117833079157528,0.379402812151848,0.206594857081117
"545",0.374576689277954,0.362284216836016,-0.040366057313072
"546",0.70659902962772,0.0481723460495522,0.0502759485879441
"547",0.170562756079812,0.300406869668732,0.163050991864065
"548",0.212230274111712,0.107956887953809,0.167813923285765
"549",0.34107643756975,-0.0972293851714209,0.290992566024914
"550",0.45209994848482,0.196120365324579,-0.0180340258421093
"551",0.779889275751406,0.213643987909141,-0.0490727565620641
"552",0.148113718549785,-0.107749230620285,0.345460090388898
"553",0.423820966078942,0.112987050464764,0.131610430378052
"554",0.373506402194322,0.214879234394239,0.0608364658085424
"555",0.29371935810837,-0.0200567753206788,0.185869999881493
"556",0.102630013550488,0.301013244413667,0.0808882283972692
"557",-0.0864586214648338,0.318730194624139,0.213510649872132
"558",0.222332187964696,0.103382963184987,0.1966648215291
"559",0.30792156948001,0.222581404990612,0.0768968894132237
"560",0.677545124515723,0.240548907444316,-0.0311696865314227
"561",0.377667212337402,0.240719516599422,0.0576013876654507
"562",0.225120117816459,0.265582458045529,0.14306446971294
"563",0.452277238803537,0.244223040106507,0.0381000742559897
"564",0.51056561149018,0.0940745647297603,0.10325946681621
"565",0.43948560123871,0.10722468357552,0.0985550804870313
"566",0.241430797938949,0.176719712786381,0.114630925965789
"567",0.0269694225534031,0.214010603496848,0.114541093018289
"568",0.390735680257554,0.0383294016777396,0.19200992082457
"569",0.54309991965375,0.244201981227467,-0.0106762730077871
"570",0.149854203211804,0.391179821736461,0.090428582848857
"571",0.284324034341702,0.161158374678942,0.137790649590766
"572",0.0340502480674382,0.345948836513698,0.114667621479097
"573",0.370311320920074,0.317788131234264,0.0148241881939812
"574",0.223037758522174,0.374900571622795,0.0357486150046207
"575",0.213408896017365,0.168170411295339,0.120501831177956
"576",0.488487376947285,0.196520552740918,0.0255563496229984
"577",0.451781554495765,0.11591198127407,0.0974762022906198
"578",0.538973499068161,0.116349297151727,0.0309537441983616
"579",0.564365648514568,0.324004975288554,-0.136284621248127
"580",0.219765883932594,0.0820712891745705,0.214171244502405
"581",0.533707354047577,0.294055164645559,-0.0609363446880645
"582",0.332819094298591,-0.0425046295446432,0.191275744254643
"583",0.639233009145181,0.261925741722063,0.015822814561017
"584",0.496410881433972,0.297924469305362,0.00996395875915515
"585",0.360054031518139,0.02619753844829,0.181570838220098
"586",0.352563674918421,0.34284784636195,0.0260994199292709
"587",0.0627511256950253,0.351369065294575,0.14319680914241
"588",0.314475887497534,-0.0107615523553731,0.208612366408878
"589",0.194072225723344,0.0964983371889805,0.129166915075387
"590",0.242368415913758,0.182715228476174,0.146198723969806
"591",0.427549712735212,-0.00977894932956963,0.115041140253009
"592",0.230331847378052,-0.02346407935783,0.236553856825235
"593",0.346568690530316,0.022412617388645,0.174352838365187
"594",0.502775855826381,0.226768226003821,0.0482794253322548
"595",0.195277051813245,0.111226651030875,0.151962419089187
"596",0.322842800214387,0.348971327327245,-0.00571186547745549
"597",0.03310999798249,0.469079515864243,0.0709667338372543
"598",0.218439786875775,0.127280591139983,0.201451797985478
"599",0.554089767390109,0.0586703375267811,0.0802785911872906
"600",0.356124170510402,0.280052303055327,0.0281897497470091
"601",0.291171882104788,0.205753024651412,0.112235545962007
"602",0.0629950721305678,0.225776315327344,0.159391733774523
"603",0.133517916308295,-0.0110074208934222,0.243549368098194
"604",0.303534226247948,0.332402079589893,0.0363591171575983
"605",-0.188515627612694,0.438349445250777,0.0880305300593838
"606",0.555666901344775,0.260658595593251,-0.0289731145366871
"607",0.49031006844577,0.0127077598998206,0.113647888700978
"608",0.393479253111097,0.228586544730354,0.0545713368970751
"609",0.556076647831251,0.125031352413272,0.0672096392859093
"610",0.395873699236602,-0.0140049229691881,0.204696702199173
"611",0.330829387007605,0.208178545939311,0.145554269199543
"612",0.292644776271736,0.355886864710771,0.0545366680533655
"613",0.326018472607799,0.400545911082431,0.0049880872755162
"614",0.271673192366577,0.29878836106202,-0.00212489529388724
"615",0.186590397399558,0.268697152669077,0.101652387720556
"616",0.249904990997619,0.159763000634004,0.139300290504036
"617",0.326698426643464,0.250720710397901,0.104415413715705
"618",0.278028172488128,0.210833350776421,0.160959272742069
"619",0.256805843669781,0.075634431604461,0.188197924417385
"620",0.20162724449667,0.213132334673023,0.145615867759668
"621",0.5662877254207,0.383674740498178,-0.145749162918428
"622",-0.220220552770877,0.31584504147044,0.203264491508214
"623",0.0292353953626983,0.343963629801723,0.156209896080573
"624",0.188473177012988,0.296592961679154,0.0766684391401643
"625",0.109848033352202,0.39590567815129,0.0387895411261349
"626",0.218971747451088,0.0926317061924091,0.132534198760628
"627",0.349169077313887,0.112635903481157,0.177493625760855
"628",0.398581928980849,0.262823653145452,0.034963121092582
"629",-0.0815349169062805,0.48395939719607,0.0541555664871378
"630",0.486945197721324,0.165728620182627,-0.00971979999837887
"631",0.255041161741077,0.0891820081048104,0.204191073988047
"632",0.628507975571734,0.204895346331842,-0.0467957832037919
"633",0.191489604250275,0.136451326202596,0.200343737156124
"634",0.550338201756078,0.283329107066437,-0.0536525937434797
"635",0.14647316272281,0.231739220124964,0.140207426947062
"636",0.397422651342816,0.162722635901516,0.112345470382959
"637",0.208979571671917,0.13591579087121,0.144943473362681
"638",0.5873490907165,0.08477650428947,0.0658099686119794
"639",0.357994454498674,0.393113811656642,-0.0185665603821062
"640",0.527530767462928,0.153935219063146,0.04817014544071
"641",0.359033627655546,0.239308473673123,0.0211186732185952
"642",0.0549889120524514,0.0214959520606261,0.358837946911212
"643",0.152586783794315,0.0588664161874312,0.219997041044327
"644",0.477732164263772,-0.0526997710278308,0.183629779756332
"645",0.391361601011368,0.511821756800882,-0.0947835997303398
"646",0.467642876986382,0.232393532027063,0.0312222622590008
"647",0.398817849535785,0.417687670988598,-0.0256516456410792
"648",0.347398634140277,0.291761107997342,0.0740563748519548
"649",0.2950401392481,0.0581080953712882,0.214184294423656
"650",0.530172077485393,0.313273289642451,-0.0695705630922825
"651",0.168193795644433,0.124548920817645,0.168098275279198
"652",0.365794328232159,0.0983066896791997,0.121670598119228
"653",0.13947209620881,0.211577574060227,0.153538085733841
"654",-0.0218162075481194,0.239397938264575,0.249142058350103
"655",0.257014927367893,0.30433676535975,-0.00518653022762555
"656",0.390252848616533,0.209762663317549,0.060389710289558
"657",0.456594445495877,0.293126551857664,-0.0531226297701156
"658",0.0488259499878563,0.194445871864244,0.185844783275191
"659",0.473356305172506,0.0961004950892363,0.0527194792291327
"660",0.334424977191347,0.36173937853107,-0.0452738423523231
"661",0.0578100264188213,0.150883028747975,0.186173521446019
"662",0.146664548213683,0.0926308584227345,0.17841767389479
"663",0.192274241476927,0.270201419274894,0.082317395342856
"664",0.31456676801717,0.23931899210551,-0.00699964699228761
"665",0.351739407647902,0.101783906104699,0.116461649297301
"666",0.155419236782403,0.211811621996688,0.173992566758758
"667",0.156915283917014,0.425525917959932,0.0071804110204501
"668",0.293605798036079,0.183247138227211,0.112595161176616
"669",0.304431055752197,0.276295801434669,-0.000149741512590951
"670",0.516083740693862,0.101028305806484,0.0391201739453635
"671",0.569472171085817,0.281929431791702,0.024715131538947
"672",0.248759542720832,0.324817204794797,-0.00530789272793022
"673",-0.0153692637507149,0.266495726591054,0.182330928970328
"674",0.574762623427303,-0.366795986901416,0.300508149312919
"675",0.206991123943767,0.365554312764673,0.0587960665449476
"676",0.390500058374401,0.0947569732107625,0.11374370713934
"677",0.336367695191274,0.238754422727138,0.0536674324357352
"678",0.476150304050916,0.113671303310589,0.0593296320731237
"679",0.323108724621152,0.222485920006485,0.0289524183748995
"680",-0.0263314536583567,0.209160060926284,0.177336299650589
"681",0.179989894069483,0.258135632686795,0.111998368575895
"682",0.385381544069792,0.0477248659743378,0.126430171095839
"683",0.30020485895898,0.180207170135306,0.0880651346692365
"684",0.265783121578319,0.286783543416316,0.0689506729516711
"685",0.779027395193091,0.00265815164383298,0.0668867071067654
"686",0.685782095177438,0.0666946146118542,-0.0449249712176456
"687",0.347151459059204,0.0235343120159505,0.195276459735002
"688",0.169709425333328,0.314803674270968,0.0269014190082844
"689",0.743175309534092,-0.176726747940575,0.12563946516684
"690",0.330719043127744,0.436964110139586,-0.0639263013883123
"691",0.571260698765397,0.0188423131316099,0.168091167070466
"692",0.395354605225081,0.278154487982457,0.0203455949093361
"693",0.415661418557557,0.191385349140246,0.0716753631359134
"694",0.247525115958061,0.314564452353314,0.0550556627236787
"695",0.343295322988625,0.312467982127689,-0.0256341437831005
"696",0.272173132875179,0.282210212418976,0.0549411320723741
"697",0.539102244687805,0.16038229708239,-0.00196703247476822
"698",0.1519951708643,0.157545599665878,0.184147481792619
"699",0.230408733917106,0.236286690855272,0.138140703190857
"700",0.388282742152735,0.101683831423943,0.105435175117026
"701",0.431104128737988,0.18220630721245,0.0271135593143586
"702",0.195214202121076,0.0469084464974178,0.260341971345327
"703",0.189002801229538,0.347698820618378,0.0210439130506954
"704",0.435361118779688,0.0751882069411274,0.151026179990482
"705",0.0711026872187547,0.245178369660347,0.162681943054199
"706",0.251974096085691,0.308557661912661,0.0573286505465755
"707",0.0323293747953818,0.613328257945218,0.0409524352779803
"708",0.163138632339772,0.215028571695971,0.0877799488816753
"709",1.04287864158159,0.399215698339316,-0.29663949394578
"710",0.211704273974926,0.394674673448732,-0.0185310090932373
"711",0.414486333998567,0.422840433604374,-0.0613563252672175
"712",0.105888105268304,0.261178112902856,0.134600293978951
"713",0.0349676255914417,0.0442996153798783,0.288377338797714
"714",0.710374666385447,0.332457043724407,-0.123618729025906
"715",0.263305363528859,0.0989265726182611,0.136525171531102
"716",-0.0807666384814188,0.239087653134017,0.27053911425488
"717",0.548485012094766,0.288850927648111,-0.0694143893828988
"718",0.214812236251389,0.205510822674663,0.115916785876461
"719",0.283596674616202,0.20843384043942,0.120755912120136
"720",0.348175579194572,0.140203389794829,0.137241137136577
"721",0.638098417358382,0.239810472355395,-0.01606608199083
"722",0.338514521334831,0.306787255296688,0.0319622011818694
"723",0.405060197490352,0.313065595958026,-0.0163235715841797
"724",0.223573511038399,0.453509701288605,-0.0353527619887435
"725",0.458696707520495,0.259894988461264,0.00758648968253239
"726",0.298375065545276,0.14601322022667,0.127439820365167
"727",0.45617466251343,0.360824735646498,-0.0794555060668924
"728",0.0810659993558628,0.341829623737723,0.0610516114512555
"729",-0.0602834952939867,0.477260165654151,0.179095462102138
"730",0.333204291397593,0.274822510944727,0.0444859818470309
"731",0.156375059072786,0.258510456217515,0.197404349158169
"732",0.141701395126459,0.469375447654477,-0.0205448814270886
"733",0.388418024729276,0.323182804885857,-0.00614429888805001
"734",0.541641538265717,0.27734541107594,-0.00636067124413028
"735",0.318913188324496,0.270881580974015,0.0569209544990446
"736",0.0987335748977685,0.36396929624213,0.0910354372014774
"737",0.386060466985829,0.0497130045155268,0.105484340173099
"738",0.169693185444118,0.194391932407784,0.17869303653614
"739",0.566466887048242,0.289091673343574,-0.0159333411087022
"740",0.723544636174876,0.296019104822409,-0.0886434653129931
"741",-0.0974421525530821,0.357795290669811,0.185062070147227
"742",0.40084287158579,-0.147729058549769,0.233146633825588
"743",0.372202799510601,0.074241935116737,0.101902001169975
"744",0.303566919533167,0.195422036076782,0.104887917888325
"745",0.292974251921674,0.432824452862588,-0.065140698241323
"746",0.355476175630046,0.364750428800502,-0.0210452567742285
"747",0.204456066834823,0.261136445928773,0.0578999889379892
"748",0.0975620726274963,0.178765743817252,0.0993684325084325
"749",0.457915199093447,-0.142646544855141,0.267915060744401
"750",0.373057092850904,0.51111302159141,-0.0756822421333747
"751",0.324643398814083,0.305888553544358,0.0301639468018388
"752",0.667144214646405,0.172299482025384,-0.0397269025141881
"753",0.561319711177588,0.0357356805395164,0.098448315017279
"754",0.113512820629469,0.228511605436322,0.112364810180502
"755",0.292750987507654,0.249002860069527,0.130531194090243
"756",-0.0763237813722962,0.492608904258405,0.0598469136482973
"757",0.777375565607771,-0.0373711980647224,0.042019003911683
"758",0.232641509789724,0.266421293488766,0.0637422078700842
"759",0.275283370305753,0.254576463124712,0.0667573241139701
"760",0.548715769470681,0.215594192123607,0.0150672731117167
"761",0.303157873562099,0.347822957545102,0.0357029582376404
"762",0.295511021651923,0.263559240496455,0.0835675352352473
"763",0.219448940176359,0.308846028591503,0.125078747765608
"764",0.0412113785607308,0.226649575621699,0.137556609306111
"765",0.624363026724977,0.162750058376004,-0.0179115445732084
"766",0.34202019431931,-0.0549339609469518,0.253751233055483
"767",0.112666188456652,0.131824010564833,0.200731416209988
"768",0.141831579189207,0.0928472210288063,0.202098760662864
"769",0.195703000402073,-0.0174860966435806,0.321472722521145
"770",0.347240719213223,0.26998703333478,0.00854911229008432
"771",-0.00876775306221428,0.357384123219258,0.109980303549658
"772",0.291847122998439,0.0571549864437102,0.258603274664083
"773",0.202210277140654,-0.0614442288587231,0.29691224016623
"774",0.286008261141794,0.148327543624869,0.169473925939245
"775",0.454161621004506,0.323461506005991,-0.0256357164848659
"776",0.172043149933731,0.0167433020535607,0.184433200261221
"777",0.308521944123563,-0.0953893021224835,0.291022179357666
"778",0.0212233139335049,0.335532268512363,0.167657241576554
"779",0.220947342458695,0.466867778680431,-0.0867198649688276
"780",0.354697089919788,0.448541887893646,-0.0305473697037434
"781",0.365517367099516,0.251548025517341,0.0238189464580243
"782",0.85744554632956,0.0342999250973096,0.00514156377728706
"783",0.868717852602792,-0.0905062062843937,0.0803461465134003
"784",-0.10395163170798,0.376507375426908,0.19527899744901
"785",0.468655933583573,0.0504143166708902,0.149036381118474
"786",0.502451149243917,-0.106373237963992,0.155072443968841
"787",0.26388978896319,0.0422202127276812,0.242451190195409
"788",0.288188453856398,0.223893993416947,0.1320864685954
"789",0.175936655129436,-0.170614198112406,0.381083945921375
"790",0.0764582437013162,0.100889235190333,0.217318769348798
"791",0.506804726761568,0.199825112670627,0.0293907981166419
"792",0.195042767240671,0.190126173149291,0.145223883857678
"793",0.300100184237825,0.0722035974640496,0.126805516465253
"794",0.394940321806513,0.251402872947405,0.0956611236810682
"795",0.212291864964626,0.238589065542078,0.0925830264428907
"796",0.227516029390857,0.290289461198641,0.115113227206354
"797",0.217558582690849,0.00778406429027195,0.170781726222677
"798",0.308358977088526,0.210143564030555,0.12534052539991
"799",-0.141264574609528,0.467484308814335,0.177720105455145
"800",0.11999387624635,0.0904703082531586,0.243487073386986
"801",0.655845452519488,0.0410280453201433,0.0229423942328088
"802",0.552526934355261,-0.0472366125807349,0.182123641363167
"803",0.555030368904257,0.158944767180045,0.0595676207303576
"804",0.402925218220395,0.315809681111045,-0.0302750611569694
"805",-0.0464649664791705,0.302269785943638,0.119362187569645
"806",0.127360905990548,0.327325868841417,0.127803638046452
"807",0.417703965559412,0.205436993919499,0.0571954030424684
"808",0.601151774915258,-0.00530871405663094,0.0819603815220908
"809",0.195575977373819,0.220240361850126,0.133270703600199
"810",0.374323882123759,0.163106447044747,0.0539566125250385
"811",-0.24265642997462,0.357445597727596,0.226789969486209
"812",0.407285171233412,0.272652545846346,-0.0202363308881109
"813",0.225265658603576,0.165030314410913,0.120725015382879
"814",0.311775855465543,0.073342249938996,0.129820345448129
"815",0.395379467777705,0.160899918798386,0.125754758506688
"816",0.14577190414245,0.105539773107976,0.208332207593246
"817",0.0836279814627583,0.249508680902947,0.135721059872226
"818",0.556337949580288,-0.0793722646826286,0.184316724869582
"819",0.309399507728088,0.180755528061055,0.103919550198655
"820",0.257876048342523,0.125967930200432,0.172315833401059
"821",0.330782163456324,0.249571392375827,0.0228959238611486
"822",0.579629337674088,0.193923184318446,-0.0568516035201559
"823",0.24061607693707,0.330405579000115,0.0438872355805269
"824",0.465481451798163,0.350840501431849,-0.038312388366135
"825",0.362077851843524,0.250235407212768,0.0933113269646082
"826",0.157893932643763,0.296921673641707,0.105782044602924
"827",0.253860527901779,0.117346730889112,0.122872313201096
"828",0.309791379771171,0.176820222095642,0.113640367844214
"829",0.0543806998224754,0.314124104326598,0.166345435857886
"830",0.13118911641961,0.475591709463048,0.0495528208107207
"831",0.420327085060851,0.155974135282489,0.122441165358795
"832",0.324886420870085,-0.170372417609862,0.339775021019072
"833",-0.0272264858360456,-0.051243777836567,0.351545269560921
"834",0.405559164111036,0.0414275830566995,0.141053292844235
"835",0.296293812492258,0.00991871907150399,0.17126012374991
"836",0.628823125857841,0.140737033897634,-0.0038521156879006
"837",0.304747970775612,0.122654511862383,0.161664308296854
"838",0.0433291870035988,0.287718361912387,0.117399880408841
"839",0.166219064724353,0.538663701503952,0.0154146928807068
"840",0.143859138876529,0.234921873067921,0.107527415261021
"841",0.556941634016846,0.273039120839664,0.0275065469919668
"842",0.407204439259885,0.266261482100164,0.062101963565053
"843",0.46827098168531,0.164212169765678,0.0788499827063337
"844",0.257065914945663,0.249319820966184,0.0968665864758268
"845",0.114171991867595,0.179067967329235,0.203948603597617
"846",0.375121343694006,0.139202198267922,0.124157119517357
"847",0.437262508878177,0.237645382504413,0.0285568432887047
"848",0.457713708905685,0.135693824065744,0.0580860199934712
"849",0.259186598205347,0.15459844496334,0.130597331832814
"850",0.218553601127193,0.496140657064775,-0.0238202207416987
"851",0.27985257454336,0.351702337207233,0.0293946449179598
"852",0.326266967451435,0.10421878409821,0.116995111703504
"853",-0.101677543863932,0.311772253587273,0.115732657410895
"854",0.50362967069894,0.0117495088740002,0.161651478576865
"855",0.0528213361518741,0.156397728408387,0.175919066756494
"856",0.316171970867933,0.0614947079975435,0.105686086054563
"857",0.278404166363947,0.285388709885826,0.0781868151702571
"858",0.085304168990818,0.44056371628397,0.0177761403395305
"859",0.389588014868166,0.0142623154812242,0.138123489827491
"860",0.0888189340712946,0.238670249676977,0.191752578406681
"861",0.277282791777256,0.185853724696661,0.0854984050343223
"862",0.671122450494243,0.15314515699328,-0.0159293185447322
"863",0.107804623077856,0.371914470125585,0.0485057279884451
"864",0.299638454753158,0.286649764088853,0.055798893984928
"865",0.336920938285709,0.436218772462701,-0.0473206563313305
"866",0.662462679532936,0.251355397260783,-0.104610728849103
"867",0.288061895267569,0.309223797272059,0.0557886752387637
"868",0.366208336399983,0.311861828988365,0.0121940127540769
"869",0.241182289449294,0.229666929003312,0.133429552186589
"870",0.492752522896289,0.280880312833144,-0.0669890702056499
"871",0.271593875979738,0.0935371226789261,0.188340391400501
"872",0.320951935447631,0.392943955492172,-0.0774067221059393
"873",0.373239499499462,-0.0200770980402222,0.161673837907903
"874",0.755691265173717,0.200742852269539,-0.0860369738216221
"875",0.116394521892794,0.533197314688728,-0.00428453738328374
"876",0.402754638835811,0.141471733562805,0.0823699980066783
"877",0.3767601452278,0.615611238235029,-0.102724799236316
"878",0.323188744774445,0.110844475527314,0.161554583476488
"879",0.322932435129036,0.0636655987291946,0.160213837330355
"880",0.338408862726331,0.0500979413785242,0.152590922908456
"881",0.0314945613266085,0.563084286970848,-0.0630957062491861
"882",0.178474140092604,0.185916510143789,0.245064994798586
"883",0.38601440146855,0.412722639287249,-0.0671009857435897
"884",0.41495320751473,0.27070073361199,-0.0084928452129472
"885",0.274472603443143,0.212703749163305,0.185939237754727
"886",0.36113904579541,0.199473675644253,0.100852358688184
"887",0.120030048778745,0.350012540212141,0.064420709134118
"888",0.585221455186681,-0.0398270945652467,0.195458603115854
"889",0.481771063888818,0.19574867107595,0.0523713270162454
"890",0.2829768879055,0.417239137530028,-0.065310948131227
"891",0.182927385831245,0.140460160873598,0.160713674539717
"892",-0.0759135097579365,0.126035548016593,0.318387065597528
"893",-0.0428355481570283,0.520416800347855,0.0396362443105244
"894",0.234135610418137,0.111271051835661,0.156807701584337
"895",0.322734591829896,0.283098619126005,0.0271742443556691
"896",0.376390716381638,0.145689134334007,0.0944659343865156
"897",0.542476047589017,0.144742097740349,0.0716959439721547
"898",0.560120592213563,0.181019886777207,0.0452269244347401
"899",0.183174300650186,0.286271462480356,0.0922044968804342
"900",0.17927260908271,0.333921907848869,-0.0107320174868765
"901",0.549199933220373,0.0792223811825857,0.145864417193017
"902",0.314101545324629,0.182043904546301,0.131944461492141
"903",0.270230905814002,0.293483633088165,0.0618278746607455
"904",0.14152264545271,0.347590806638128,0.0777263550309657
"905",0.412672164195925,-0.0202894028954504,0.157735697340167
"906",0.426954772749652,0.54531701820084,-0.133884184248754
"907",0.364256886565981,0.335210968185218,-0.0422014180748658
"908",0.376893320272773,0.161476543536923,0.101120049778544
"909",0.167658691211882,0.447667391640299,0.00415530800682687
"910",0.320324129773058,0.11132535026783,0.0989574770446429
"911",0.0907645542236707,-0.0159926214797307,0.330855443541373
"912",0.151910661046249,0.148282145270111,0.140715959055982
"913",0.322400944959963,0.211347150879082,0.0680369013195095
"914",0.243561348085302,0.118859151279139,0.255689287223608
"915",0.389175021289507,0.367153688715346,0.00399084602424413
"916",0.190557803276366,0.412709035887571,0.0257154173269973
"917",0.380233307526845,0.112125803072122,0.124665007866205
"918",0.231983786591594,0.226507696235653,0.222752685397539
"919",-0.0627416035919077,0.3596677625155,0.125120037580501
"920",0.22437946274817,0.199217819419379,0.0974459655387701
"921",0.245793484172126,0.0566595094456001,0.17914859577447
"922",0.262972098453002,0.180266912128337,0.0942024965203628
"923",-0.147118650237916,0.452026476208296,0.142179015433712
"924",0.0249086801467931,0.412746929787784,0.0592191268999159
"925",0.395429893262793,0.148646188594237,0.0280307520719566
"926",0.458278150461553,0.0222466043033813,0.137811477319515
"927",0.315481236064562,0.284331247564993,0.0618218421705979
"928",0.103093940964052,0.218935547887209,0.149036998399632
"929",0.646033493975703,-0.119533897202525,0.187454477262529
"930",0.377180239048786,0.146228010155954,0.0501223928154588
"931",0.573202524957607,0.375777041997884,-0.057614535924202
"932",0.455969212338122,0.277311129710103,-0.071106428959833
"933",0.378429303494595,0.0691004785137039,0.17978008870033
"934",0.468747948840243,0.172242607644833,0.013137203971904
"935",0.26880975939151,0.295454973544763,-0.000647937372258739
"936",0.384966652442339,0.23155630480652,-0.0263253588836729
"937",0.0826493961106244,0.398151595164418,0.0588808711973344
"938",0.456871387713286,0.0452982738265905,0.116405643596875
"939",0.506860021041831,0.0971831231543041,0.0623374075006465
"940",0.13504252452776,0.220228993263052,0.158813567863857
"941",0.209256971132467,0.109385611889189,0.225262903393455
"942",0.067610894431431,0.325414563397164,0.0806188537547918
"943",0.127022362597151,0.266491859232248,0.0872532899832852
"944",0.431515624904387,0.275320486371489,0.00242258904827637
"945",-0.0155489362133694,0.436657876957083,0.110796630036267
"946",0.412723091818719,0.396086202913378,-0.0777176201771877
"947",0.0205606542057408,0.366014791699646,0.14887069338643
"948",0.697278739553945,0.0369871558359074,-0.0394981223645104
"949",0.297409295385008,0.0912984430863934,0.132725587852813
"950",0.381215239202325,0.226882930511777,0.0745641977442916
"951",0.353787790205315,0.0890173234188457,0.156096240147553
"952",-0.114269215736889,0.167679659624197,0.227971531567399
"953",0.0298651766808263,0.180810578259857,0.193137046446761
"954",0.2594536081167,0.382880234964489,-0.0438389273707857
"955",-0.149209556153652,0.45505005393358,0.175658659546873
"956",0.258525620056224,0.122715163826972,0.203541706265499
"957",0.321832355863188,0.2879729003961,0.0736205263255667
"958",0.348725082666719,0.120490943551736,0.199513844603305
"959",0.329089618854569,0.0213717297982626,0.156722103103009
"960",0.566606320691699,0.0895059685326777,0.0382149412503006
"961",0.142881183007574,0.0741682872509836,0.200299346413042
"962",0.467951682584172,0.193373758641207,0.0413013395997252
"963",0.284708704248048,0.00458016882625795,0.115443768225896
"964",0.37722439815183,-0.0476570890841493,0.218656987665955
"965",0.0109028690116583,0.321323132805159,0.176249832402795
"966",0.243325424282594,0.300909947994874,0.0440533462653253
"967",0.532118530200542,0.0229108165230116,0.102032952575387
"968",0.0139726821251097,0.406431162170208,0.109135023875529
"969",0.033812752232303,0.115131341923767,0.202236462051609
"970",0.361855960148143,-0.192049076085248,0.326878139922915
"971",0.174467979562744,0.181259892644635,0.150062035705209
"972",0.0699875329509316,0.417578737936221,0.120959398196895
"973",0.376656867985426,0.337437320914154,0.0127740815794203
"974",0.549967934773298,0.129239813139353,0.0647399678615899
"975",0.449980938933285,0.198576304992113,0.05742760333626
"976",0.40615053394504,0.135534457428285,0.119217105784238
"977",-0.0887878197799446,0.116258729667383,0.310825350861055
"978",0.387394601411545,0.273986924849767,0.0347479291149023
"979",0.235246074052558,0.204021614526773,0.0754422429752496
"980",0.199552333460359,0.14140036271554,0.107383545547154
"981",0.237450890547365,0.256431896202174,0.148532821748797
"982",0.0911290523894852,0.473559113284863,-0.0234248905681624
"983",0.286500517410656,0.29832029234849,0.0515238245845765
"984",0.0699824106074229,0.346935110393458,0.153627908109701
"985",0.0783812397242788,0.425244570443541,0.0696570988534555
"986",0.564119242955331,0.0354898173062737,0.143367363905189
"987",0.211570058767341,0.212867066193955,0.12674257270168
"988",0.237383160447817,0.284581889643107,0.116147025884615
"989",0.244150350216651,0.312679341303709,0.11112770420331
"990",0.368574293413709,0.165468005606283,0.102658070184072
"991",0.216906449553069,0.341477082177744,0.044260617010318
"992",0.129332550945935,0.166638364033234,0.190332737240383
"993",0.528991112690751,0.31077862438478,-0.0955166880326532
"994",0.247873965146724,-0.0511745600726894,0.236320388286293
"995",0.238144238179484,0.268825099742703,0.0315665501138951
"996",0.344540043346489,0.126590506570357,0.116331220056839
"997",0.19807160134909,0.463879514204535,0.00661117769652396
"998",0.105379334714873,0.12344695027356,0.239561675468877
"999",0.673788848875114,0.178844968594044,-0.0308885972312975
"1000",0.12810688431664,0.0866553959479151,0.166747562792582
